{
    "addins.rmd::rmd_code_block_r"                 : "Ctrl+E",
    "addins.rmd::rmd_code_inline_highlighted_as_r" : "Ctrl+Shift+Alt+T",
    "addins.rmd::rmd_equation_a_inline"            : "Shift+Alt+S",
    "addins.rmd::rmd_heading_remove_hash_style"    : "Ctrl+Alt+NumPad0",
    "addins.rmd::rmd_heading_1"                    : "Ctrl+Alt+NumPad1",
    "addins.rmd::rmd_heading_2"                    : "Ctrl+Alt+NumPad2",
    "addins.rmd::rmd_heading_3"                    : "Ctrl+Alt+NumPad3",
    "addins.rmd::rmd_heading_4"                    : "Ctrl+Alt+NumPad4",
    "addins.rmd::rmd_heading_5"                    : "Ctrl+Alt+NumPad5",
    "addins.rmd::rmd_list_numbered"                : "Ctrl+Shift+Alt+L",
    "addins.rs::rs_align_code_at_arrow"            : "Ctrl+Shift+Alt+[",
    "addins.rs::rs_align_code_at_equal"            : "Ctrl+Shift+Alt+]",
    "addins.rs::rs_align_code_at_pattern"          : "Ctrl+Shift+Alt+P",
    "addins.rs::rs_insert_exposition_pipe"         : "Ctrl+Alt+S",
    "addins.rs::rs_insert_infix_in"                : "Ctrl+Alt+NumPad6",
    "addins.rs::rs_insert_line_ds"                 : "Ctrl+Shift+Alt+Q",
    "addins.rs::rs_insert_line_ss"                 : "Shift+Alt+Q",
    "addins.rs::rs_insert_line_sw"                 : "Ctrl+Shift+Q",
    "addins.rs::rs_insert_matrix_multiplication"   : "Ctrl+Alt+NumPad8",
    "addins.rs::rs_insert_tee_pipe"                : "Ctrl+Alt+.",
    "addins.rs::rs_insert_update_pipe"             : "Ctrl+Alt+,",
    "addins.rs::rs_insert_quotes_double_lower"     : "Ctrl+Shift+;",
    "addins.rs::rs_insert_quotes_double_upper_c"   : "Ctrl+Shift+'",
    "addins.rs::rs_replace_slash_b2fw"             : "Ctrl+Alt+/",
    "addins.rs::rs_replace_slash_bd2s"             : "Ctrl+Shift+Alt+\\",
    "addins.rs::rs_replace_slash_bs2d"             : "Ctrl+Alt+\\",
    "addins.rs::rs_replace_slash_fw2b"             : "Ctrl+Shift+Alt+/",
    "bookdown::mathquill"                          : "Ctrl+Alt+NumPad9",
    "styler::style_selection"                      : "Shift+Alt+A",
    "wellspell.addin::spellcheck"                  : "Ctrl+Shift+Alt+S"
}
